brand,year,sales
Acura,1986,52869
Acura,1987,109470
Acura,1988,128238
Acura,1989,142061
Acura,1990,138384
Acura,1991,143708
Acura,1992,120100
Acura,1993,108291
Acura,1994,112137
Acura,1995,97351
Acura,1996,108008
Acura,1997,108143
Acura,1998,110392
Acura,1999,118016
Acura,2000,142681
Acura,2001,170469
Acura,2002,165552
Acura,2003,170918
Acura,2004,198919
Acura,2005,209610
Acura,2006,201223
Acura,2007,180104
Acura,2008,144504
Acura,2009,105723
Acura,2010,133606
Acura,2011,123299
Acura,2012,156216
Acura,2013,165436
Acura,2014,167843
Acura,2015,177165
Acura,2016,161360
Acura,2017,154602
Acura,2018,158934
Acura,2019,157385
Alfa,1971,1837
Alfa,1972,2270
Alfa,1973,2595
Alfa,1974,3139
Alfa,1975,5342
Alfa,1976,5283
Alfa,1977,6712
Alfa,1978,6137
Alfa,1979,4011
Alfa,1980,3542
Alfa,1981,2294
Alfa,1982,2211
Alfa,1983,3002
Alfa,1984,3702
Alfa,1985,4502
Alfa,1986,8201
Alfa,1987,6320
Alfa,1988,4476
Alfa,1989,2920
Alfa,1990,3482
Alfa,1991,3478
Alfa,1992,2941
Alfa,1993,1325
Alfa,1994,565
Alfa,1995,414
Alfa,1996,0
Alfa,1998,0
Alfa,2000,0
Alfa,2015,663
Alfa,2016,528
Alfa,2017,12031
Alfa,2018,23800
Alfa,2019,18292
Aston,2001,302
Aston,2002,487
Aston,2003,519
Aston,2004,469
Aston,2005,492
Aston,2006,443
Aston,2007,2058
Aston,2008,1600
Aston,2009,1140
Aston,2010,840
Aston,2011,804
Aston,2012,816
Aston,2013,828
Aston,2014,1160
Aston,2015,1020
Audi,1970,7691
Audi,1971,20604
Audi,1972,28631
Audi,1973,46136
Audi,1974,50437
Audi,1975,50680
Audi,1976,33316
Audi,1977,35849
Audi,1978,40882
Audi,1979,42709
Audi,1980,41274
Audi,1981,47234
Audi,1982,42662
Audi,1983,47934
Audi,1984,71206
Audi,1985,74061
Audi,1986,59798
Audi,1987,41322
Audi,1988,51474
Audi,1989,49011
Audi,1990,46548
Audi,1991,44085
Audi,1992,41621
Audi,1993,39158
Audi,1994,36695
Audi,1995,34232
Audi,1996,27349
Audi,1997,34160
Audi,1998,47517
Audi,1999,65959
Audi,2000,80372
Audi,2001,83283
Audi,2002,85726
Audi,2003,35378
Audi,2004,30749
Audi,2005,83066
Audi,2006,80113
Audi,2007,93506
Audi,2008,87760
Audi,2009,82716
Audi,2010,101629
Audi,2011,117561
Audi,2012,139310
Audi,2013,158061
Audi,2014,182011
Audi,2015,202202
Audi,2016,210213
Audi,2017,226511
Audi,2018,223323
Audi,2019,224111
Bentley,2003,437
Bentley,2004,2394
Bentley,2005,3654
Bentley,2006,3856
Bentley,2007,3990
Bentley,2008,2693
Bentley,2009,1367
Bentley,2010,1430
Bentley,2011,1877
Bentley,2012,2315
Bentley,2013,2841
Bentley,2014,3003
Bentley,2015,2686
Bentley,2016,2581
Bentley,2017,2405
BMW,1970,14574
BMW,1971,19826
BMW,1972,19942
BMW,1973,13629
BMW,1974,15007
BMW,1975,19419
BMW,1976,26509
BMW,1977,28776
BMW,1978,31439
BMW,1979,34520
BMW,1980,35972
BMW,1981,40036
BMW,1982,45971
BMW,1983,59242
BMW,1984,70897
BMW,1985,87832
BMW,1986,96759
BMW,1987,87839
BMW,1988,73359
BMW,1989,64881
BMW,1990,63646
BMW,1991,53343
BMW,1992,65691
BMW,1993,78010
BMW,1994,84805
BMW,1995,93309
BMW,1996,105761
BMW,1997,122468
BMW,1998,131559
BMW,1999,154970
BMW,2000,189423
BMW,2001,213127
BMW,2002,256622
BMW,2003,240859
BMW,2004,260079
BMW,2005,266200
BMW,2006,274432
BMW,2007,293795
BMW,2008,249113
BMW,2009,196502
BMW,2010,220113
BMW,2011,247907
BMW,2012,281460
BMW,2013,309280
BMW,2014,339738
BMW,2015,346023
BMW,2016,313174
BMW,2017,305685
BMW,2018,311014
BMW,2019,324826
Buick,1996,427350
Buick,1997,438064
Buick,1998,398156
Buick,1999,445611
Buick,2000,339445
Buick,2001,405678
Buick,2002,432017
Buick,2003,336788
Buick,2004,309639
Buick,2005,282288
Buick,2006,240657
Buick,2007,185791
Buick,2008,137197
Buick,2009,102306
Buick,2010,155389
Buick,2011,177633
Buick,2012,180408
Buick,2013,205509
Buick,2014,228963
Buick,2015,223055
Buick,2016,229631
Buick,2017,219231
Buick,2018,206863
Buick,2019,206929
Cadillac,1985,298762
Cadillac,1986,304057
Cadillac,1987,261284
Cadillac,1988,266548
Cadillac,1989,266899
Cadillac,1990,258168
Cadillac,1991,213238
Cadillac,1992,214144
Cadillac,1993,204159
Cadillac,1994,210686
Cadillac,1995,180504
Cadillac,1996,170379
Cadillac,1997,182624
Cadillac,1998,187343
Cadillac,1999,178507
Cadillac,2000,189154
Cadillac,2001,172083
Cadillac,2002,199946
Cadillac,2003,216090
Cadillac,2004,234217
Cadillac,2005,235002
Cadillac,2006,227014
Cadillac,2007,214726
Cadillac,2008,161159
Cadillac,2009,109092
Cadillac,2010,146925
Cadillac,2011,152389
Cadillac,2012,149782
Cadillac,2013,182543
Cadillac,2014,170750
Cadillac,2015,175267
Cadillac,2016,170006
Cadillac,2017,156440
Cadillac,2018,154702
Cadillac,2019,156246
Chevrolet,1996,2541773
Chevrolet,1997,2484945
Chevrolet,1998,2426530
Chevrolet,1999,2610324
Chevrolet,2000,2615884
Chevrolet,2001,2689954
Chevrolet,2002,2642786
Chevrolet,2003,2641586
Chevrolet,2004,2748365
Chevrolet,2005,2651124
Chevrolet,2006,2396532
Chevrolet,2007,2250352
Chevrolet,2008,1790519
Chevrolet,2009,1338612
Chevrolet,2010,1563881
Chevrolet,2011,1775802
Chevrolet,2012,1851646
Chevrolet,2013,1947125
Chevrolet,2014,2033442
Chevrolet,2015,2125347
Chevrolet,2016,2096508
Chevrolet,2017,2065879
Chevrolet,2018,2036023
Chevrolet,2019,1958783
Chrysler,1980,142245
Chrysler,1981,98518
Chrysler,1982,178970
Chrysler,1983,262037
Chrysler,1984,335568
Chrysler,1985,375880
Chrysler,1986,360977
Chrysler,1987,306342
Chrysler,1988,279127
Chrysler,1989,197937
Chrysler,1990,185986
Chrysler,1991,131619
Chrysler,1992,126983
Chrysler,1993,227312
Chrysler,1994,231022
Chrysler,1995,239601
Chrysler,1996,260274
Chrysler,1997,265582
Chrysler,1998,307841
Chrysler,1999,321404
Chrysler,2000,484297
Chrysler,2001,530454
Chrysler,2002,480263
Chrysler,2003,463590
Chrysler,2004,588891
Chrysler,2005,649293
Chrysler,2006,604874
Chrysler,2007,543011
Chrysler,2008,335108
Chrysler,2009,177015
Chrysler,2010,197446
Chrysler,2011,221346
Chrysler,2012,307967
Chrysler,2013,302492
Chrysler,2014,308785
Chrysler,2015,324846
Chrysler,2016,239492
Chrysler,2017,188545
Chrysler,2018,165964
Chrysler,2019,126971
Daihatsu,1988,11460
Daihatsu,1989,15413
Daihatsu,1990,14984
Daihatsu,1991,8963
Daihatsu,1992,19
Dodge,1980,566959
Dodge,1981,543014
Dodge,1982,554365
Dodge,1983,639734
Dodge,1984,856881
Dodge,1985,1003954
Dodge,1986,1035150
Dodge,1987,1008073
Dodge,1988,1107702
Dodge,1989,1009027
Dodge,1990,810736
Dodge,1991,765542
Dodge,1992,836055
Dodge,1993,944333
Dodge,1994,1055677
Dodge,1995,1130692
Dodge,1996,1216935
Dodge,1997,1234509
Dodge,1998,1522179
Dodge,1999,1569628
Dodge,2000,1505669
Dodge,2001,1285817
Dodge,2002,1264765
Dodge,2003,1223302
Dodge,2004,1189894
Dodge,2005,1179008
Dodge,2006,1077579
Dodge,2007,1057646
Dodge,2008,784113
Dodge,2009,327574
Dodge,2010,383675
Dodge,2011,451732
Dodge,2012,532064
Dodge,2013,605243
Dodge,2014,585466
Dodge,2015,517153
Dodge,2016,506453
Dodge,2017,446994
Dodge,2018,459324
Dodge,2019,422886
Ferrari,2011,24635
Ferrari,2012,24576
Ferrari,2013,13913
Ferrari,2014,4547
Ferrari,2015,3521
Ferrari,2016,4173
Ferrari,2018,100
Ferrari,2019,1555
Fiat,2011,19769
Fiat,2012,43772
Fiat,2013,43236
Fiat,2014,46121
Fiat,2015,42410
Fiat,2016,33777
Fiat,2017,26492
Fiat,2018,15521
Fiat,2019,9200
Ford,1995,3180549
Ford,1996,3181378
Ford,1997,3212698
Ford,1998,3288544
Ford,1999,3414169
Ford,2000,3457996
Ford,2001,3294190
Ford,2002,2990472
Ford,2003,2886575
Ford,2004,2766025
Ford,2005,2634041
Ford,2006,2415059
Ford,2007,2087048
Ford,2008,1680321
Ford,2009,1440653
Ford,2010,1752511
Ford,2011,2057210
Ford,2012,2160859
Ford,2013,2403542
Ford,2014,2376841
Ford,2015,2501855
Ford,2016,2487487
Ford,2017,2464041
Ford,2018,2381635
Ford,2019,2293984
Genesis,2016,6948
Genesis,2017,20612
Genesis,2018,10312
Genesis,2019,21233
GMC,1980,141029
GMC,1981,139381
GMC,1982,200412
GMC,1983,238411
GMC,1984,280531
GMC,1985,312274
GMC,1986,306580
GMC,1987,311217
GMC,1988,352999
GMC,1989,352397
GMC,1990,325065
GMC,1991,283965
GMC,1992,334707
GMC,1993,383778
GMC,1994,431261
GMC,1995,427997
GMC,1996,444256
GMC,1997,443640
GMC,1998,467982
GMC,1999,541987
GMC,2000,528639
GMC,2001,554753
GMC,2002,560868
GMC,2003,563479
GMC,2004,581684
GMC,2005,537572
GMC,2006,456565
GMC,2007,484932
GMC,2008,361739
GMC,2009,253053
GMC,2010,333204
GMC,2011,397973
GMC,2012,413881
GMC,2013,450901
GMC,2014,501853
GMC,2015,558697
GMC,2016,546628
GMC,2017,560687
GMC,2018,556449
GMC,2019,564946
Honda,1970,4084
Honda,1971,9870
Honda,1972,20355
Honda,1973,38957
Honda,1974,43119
Honda,1975,102389
Honda,1976,150929
Honda,1977,223633
Honda,1978,274876
Honda,1979,353291
Honda,1980,375388
Honda,1981,370705
Honda,1982,365865
Honda,1983,401355
Honda,1984,508358
Honda,1985,551957
Honda,1986,640859
Honda,1987,628907
Honda,1988,640810
Honda,1989,641768
Honda,1990,716278
Honda,1991,659461
Honda,1992,648745
Honda,1993,608149
Honda,1994,650106
Honda,1995,697667
Honda,1996,735920
Honda,1997,832243
Honda,1998,899208
Honda,1999,958887
Honda,2000,1016179
Honda,2001,1037170
Honda,2002,1082282
Honda,2003,1178929
Honda,2004,1195479
Honda,2005,1252862
Honda,2006,1308135
Honda,2007,1371438
Honda,2008,1284261
Honda,2009,1045061
Honda,2010,1096874
Honda,2011,1023986
Honda,2012,1266569
Honda,2013,1359876
Honda,2014,1373029
Honda,2015,1409386
Honda,2016,1476582
Honda,2017,1486827
Honda,2018,1445894
Honda,2019,1450785
Hummer,2003,70
Hummer,2004,154
Hummer,2005,208
Hummer,2006,696
Hummer,2007,1225
Hummer,2008,1248
Hummer,2009,557
Hummer,2010,291
Hummer,2011,59
Hummer,2012,20
Hummer,2013,8
Hyundai,1986,168127
Hyundai,1987,264357
Hyundai,1988,263719
Hyundai,1989,182597
Hyundai,1990,137249
Hyundai,1991,117966
Hyundai,1992,108549
Hyundai,1993,108796
Hyundai,1994,126373
Hyundai,1995,107326
Hyundai,1996,108468
Hyundai,1997,113186
Hyundai,1998,90217
Hyundai,1999,164190
Hyundai,2000,244391
Hyundai,2001,346235
Hyundai,2002,375119
Hyundai,2003,400221
Hyundai,2004,418615
Hyundai,2005,455012
Hyundai,2006,455520
Hyundai,2007,467009
Hyundai,2008,401742
Hyundai,2009,435064
Hyundai,2010,538228
Hyundai,2011,645691
Hyundai,2012,703007
Hyundai,2013,720783
Hyundai,2014,725718
Hyundai,2015,761710
Hyundai,2016,768057
Hyundai,2017,664943
Hyundai,2018,667634
Hyundai,2019,688771
Infiniti,1990,23960
Infiniti,1991,34890
Infiniti,1992,44387
Infiniti,1993,50547
Infiniti,1994,51449
Infiniti,1995,58616
Infiniti,1996,55967
Infiniti,1997,65552
Infiniti,1998,63649
Infiniti,1999,72637
Infiniti,2000,78351
Infiniti,2001,71365
Infiniti,2002,87911
Infiniti,2003,118655
Infiniti,2004,130986
Infiniti,2005,136401
Infiniti,2006,121146
Infiniti,2007,127038
Infiniti,2008,112989
Infiniti,2009,81089
Infiniti,2010,103411
Infiniti,2011,98461
Infiniti,2012,119877
Infiniti,2013,116455
Infiniti,2014,117330
Infiniti,2015,133498
Infiniti,2016,138293
Infiniti,2017,153415
Infiniti,2018,149280
Infiniti,2019,117708
Isuzu,1981,28023
Isuzu,1982,32669
Isuzu,1983,46784
Isuzu,1984,62278
Isuzu,1985,105083
Isuzu,1986,127630
Isuzu,1987,126559
Isuzu,1988,114925
Isuzu,1989,119669
Isuzu,1990,111928
Isuzu,1991,108419
Isuzu,1992,43661
Isuzu,1993,41480
Isuzu,1994,56489
Isuzu,1995,45210
Isuzu,1996,99141
Isuzu,1997,91530
Isuzu,1998,108478
Isuzu,1999,111530
Isuzu,2000,104485
Isuzu,2001,84476
Isuzu,2002,57135
Isuzu,2003,30328
Isuzu,2004,27188
Isuzu,2005,12177
Isuzu,2006,8614
Isuzu,2007,7098
Isuzu,2008,4758
Isuzu,2009,165
Jaguar,1948,238
Jaguar,1949,158
Jaguar,1950,912
Jaguar,1951,1702
Jaguar,1952,3349
Jaguar,1953,3914
Jaguar,1954,3365
Jaguar,1955,3573
Jaguar,1956,3685
Jaguar,1957,3800
Jaguar,1958,4607
Jaguar,1959,5839
Jaguar,1960,4934
Jaguar,1961,3422
Jaguar,1962,6716
Jaguar,1963,4421
Jaguar,1964,4018
Jaguar,1965,3993
Jaguar,1966,4635
Jaguar,1967,5839
Jaguar,1968,5179
Jaguar,1969,5700
Jaguar,1970,6732
Jaguar,1971,5614
Jaguar,1972,5143
Jaguar,1973,6767
Jaguar,1974,5299
Jaguar,1975,6799
Jaguar,1976,7382
Jaguar,1977,4349
Jaguar,1978,4754
Jaguar,1979,3551
Jaguar,1980,3033
Jaguar,1981,4081
Jaguar,1982,8296
Jaguar,1983,15815
Jaguar,1984,18044
Jaguar,1985,20528
Jaguar,1986,24464
Jaguar,1987,22919
Jaguar,1988,20727
Jaguar,1989,18967
Jaguar,1990,18728
Jaguar,1991,9376
Jaguar,1992,8681
Jaguar,1993,12734
Jaguar,1994,15195
Jaguar,1995,18085
Jaguar,1996,17878
Jaguar,1997,19503
Jaguar,1998,22503
Jaguar,1999,35039
Jaguar,2000,43728
Jaguar,2001,44532
Jaguar,2002,61204
Jaguar,2003,54655
Jaguar,2004,45875
Jaguar,2005,30424
Jaguar,2006,20683
Jaguar,2007,15683
Jaguar,2008,14824
Jaguar,2009,11955
Jaguar,2010,13340
Jaguar,2011,12276
Jaguar,2012,12011
Jaguar,2013,16952
Jaguar,2014,15773
Jaguar,2015,14466
Jaguar,2016,31243
Jaguar,2017,39594
Jaguar,2018,30483
Jaguar,2019,31051
Jeep,1980,77852
Jeep,1981,63275
Jeep,1982,63761
Jeep,1983,82140
Jeep,1984,153801
Jeep,1985,181389
Jeep,1986,189033
Jeep,1987,208440
Jeep,1988,253233
Jeep,1989,249170
Jeep,1990,193075
Jeep,1991,177775
Jeep,1992,305084
Jeep,1993,413089
Jeep,1994,436445
Jeep,1995,426628
Jeep,1996,509812
Jeep,1997,472872
Jeep,1998,459294
Jeep,1999,554466
Jeep,2000,495434
Jeep,2001,455417
Jeep,2002,459796
Jeep,2003,440559
Jeep,2004,427239
Jeep,2005,476532
Jeep,2006,460052
Jeep,2007,475237
Jeep,2008,333901
Jeep,2009,231701
Jeep,2010,291138
Jeep,2011,419349
Jeep,2012,474131
Jeep,2013,490454
Jeep,2014,692348
Jeep,2015,865028
Jeep,2016,929446
Jeep,2017,828522
Jeep,2018,973227
Jeep,2019,923291
Kia,1994,12329
Kia,1995,24740
Kia,1996,36274
Kia,1997,55325
Kia,1998,82893
Kia,1999,134594
Kia,2000,160606
Kia,2001,223721
Kia,2002,237345
Kia,2003,237471
Kia,2004,270055
Kia,2005,275851
Kia,2006,294302
Kia,2007,305473
Kia,2008,273397
Kia,2009,300063
Kia,2010,366268
Kia,2011,485492
Kia,2012,557599
Kia,2013,535179
Kia,2014,580234
Kia,2015,625818
Kia,2016,647598
Kia,2017,589668
Kia,2018,589673
Kia,2019,615338
Lamborghini,2001,36
Lamborghini,2002,133
Lamborghini,2003,425
Lamborghini,2004,653
Lamborghini,2005,671
Lamborghini,2006,876
Lamborghini,2007,984
Lamborghini,2008,741
Lamborghini,2009,353
Lamborghini,2010,290
Lamborghini,2011,340
Lamborghini,2012,410
Lamborghini,2013,552
Lamborghini,2014,736
Lamborghini,2015,756
Lamborghini,2016,1033
Lamborghini,2017,1095
Lancia,1975,1011
Lancia,1976,371
Lancia,1977,2811
Lancia,1978,2811
Lancia,1979,1602
Lancia,1980,1991
Lancia,1981,1354
Lancia,1982,877
Lancia,1983,949
Lancia,1984,105
Land,1987,2586
Land,1988,3427
Land,1989,4822
Land,1990,4582
Land,1991,3309
Land,1992,3875
Land,1993,4906
Land,1994,12045
Land,1995,20026
Land,1996,23182
Land,1997,23825
Land,1998,21422
Land,1999,29380
Land,2000,27148
Land,2001,27204
Land,2002,40987
Land,2003,39035
Land,2004,35506
Land,2005,46175
Land,2006,47774
Land,2007,49550
Land,2008,29718
Land,2009,26306
Land,2010,31864
Land,2011,38099
Land,2012,43664
Land,2013,50010
Land,2014,51465
Land,2015,70582
Land,2016,73858
Land,2017,74739
Land,2018,92143
Land,2019,94736
Lexus,1989,16302
Lexus,1990,63534
Lexus,1991,71206
Lexus,1992,92890
Lexus,1993,99280
Lexus,1994,91554
Lexus,1995,83616
Lexus,1996,81529
Lexus,1997,97593
Lexus,1998,156260
Lexus,1999,185890
Lexus,2000,206037
Lexus,2001,223983
Lexus,2002,234109
Lexus,2003,259755
Lexus,2004,287927
Lexus,2005,302895
Lexus,2006,322434
Lexus,2007,329177
Lexus,2008,260087
Lexus,2009,215975
Lexus,2010,229329
Lexus,2011,198552
Lexus,2012,244162
Lexus,2013,273847
Lexus,2014,311389
Lexus,2015,344601
Lexus,2016,331228
Lexus,2017,305229
Lexus,2018,298302
Lexus,2019,298114
Lincoln,1985,165138
Lincoln,1986,177587
Lincoln,1987,166037
Lincoln,1988,191624
Lincoln,1989,200315
Lincoln,1990,231660
Lincoln,1991,178701
Lincoln,1992,161648
Lincoln,1993,173644
Lincoln,1994,179166
Lincoln,1995,150814
Lincoln,1996,141476
Lincoln,1997,166371
Lincoln,1998,187121
Lincoln,1999,176493
Lincoln,2000,193009
Lincoln,2001,158934
Lincoln,2002,150057
Lincoln,2003,158839
Lincoln,2004,139016
Lincoln,2005,123207
Lincoln,2006,120476
Lincoln,2007,131487
Lincoln,2008,107295
Lincoln,2009,82847
Lincoln,2010,85828
Lincoln,2011,85643
Lincoln,2012,82150
Lincoln,2013,81694
Lincoln,2014,94474
Lincoln,2015,101227
Lincoln,2016,111724
Lincoln,2017,111159
Lincoln,2018,103587
Lincoln,2019,112204
Lotus,2001,120
Lotus,2002,108
Lotus,2003,96
Lotus,2004,679
Lotus,2005,2417
Lotus,2006,2522
Lotus,2007,2604
Lotus,2008,2160
Lotus,2009,720
Lotus,2010,220
Lotus,2011,230
Lotus,2012,242
Lotus,2013,264
Lotus,2014,140
Lotus,2015,80
Maserati,2002,853
Maserati,2003,917
Maserati,2004,1055
Maserati,2005,2018
Maserati,2006,2108
Maserati,2007,2540
Maserati,2008,2509
Maserati,2009,1273
Maserati,2010,1897
Maserati,2011,2321
Maserati,2012,2765
Maserati,2013,4768
Maserati,2014,12942
Maserati,2015,11697
Maserati,2016,12534
Maserati,2017,13711
Maybach,2003,166
Maybach,2004,244
Maybach,2005,152
Maybach,2006,146
Maybach,2007,156
Maybach,2008,119
Maybach,2009,66
Maybach,2010,63
Maybach,2011,39
Maybach,2012,50
Maybach,2013,6
Mazda,1970,2042
Mazda,1971,20975
Mazda,1972,58351
Mazda,1973,119499
Mazda,1974,70400
Mazda,1975,74383
Mazda,1976,41202
Mazda,1977,54975
Mazda,1978,80200
Mazda,1979,165590
Mazda,1980,170510
Mazda,1981,183226
Mazda,1982,204444
Mazda,1983,249924
Mazda,1984,288215
Mazda,1985,327086
Mazda,1986,380326
Mazda,1987,331206
Mazda,1988,350572
Mazda,1989,341441
Mazda,1990,349677
Mazda,1991,343612
Mazda,1992,338430
Mazda,1993,345032
Mazda,1994,376038
Mazda,1995,284187
Mazda,1996,238285
Mazda,1997,221840
Mazda,1998,240546
Mazda,1999,243708
Mazda,2000,255526
Mazda,2001,269602
Mazda,2002,258213
Mazda,2003,258865
Mazda,2004,263882
Mazda,2005,258339
Mazda,2006,268786
Mazda,2007,296110
Mazda,2008,263949
Mazda,2009,207767
Mazda,2010,229566
Mazda,2011,250426
Mazda,2012,277050
Mazda,2013,283946
Mazda,2014,305801
Mazda,2015,319183
Mazda,2016,297773
Mazda,2017,289470
Mazda,2018,300325
Mazda,2019,278552
McLaren,2016,876
McLaren,2017,1110
Mercedes-Benz,1948,1
Mercedes-Benz,1949,2
Mercedes-Benz,1950,13
Mercedes-Benz,1951,18
Mercedes-Benz,1952,255
Mercedes-Benz,1953,420
Mercedes-Benz,1954,635
Mercedes-Benz,1955,2041
Mercedes-Benz,1956,3100
Mercedes-Benz,1957,6040
Mercedes-Benz,1958,7405
Mercedes-Benz,1959,1207
Mercedes-Benz,1960,12255
Mercedes-Benz,1961,12625
Mercedes-Benz,1962,12945
Mercedes-Benz,1963,11689
Mercedes-Benz,1964,11866
Mercedes-Benz,1965,12115
Mercedes-Benz,1966,16161
Mercedes-Benz,1967,20692
Mercedes-Benz,1968,24552
Mercedes-Benz,1969,26192
Mercedes-Benz,1970,29108
Mercedes-Benz,1971,35192
Mercedes-Benz,1972,41998
Mercedes-Benz,1973,41865
Mercedes-Benz,1974,38170
Mercedes-Benz,1975,45159
Mercedes-Benz,1976,43205
Mercedes-Benz,1977,48872
Mercedes-Benz,1978,46695
Mercedes-Benz,1979,52820
Mercedes-Benz,1980,53790
Mercedes-Benz,1981,63059
Mercedes-Benz,1982,65963
Mercedes-Benz,1983,73963
Mercedes-Benz,1984,74064
Mercedes-Benz,1985,86900
Mercedes-Benz,1986,99314
Mercedes-Benz,1987,89918
Mercedes-Benz,1988,83727
Mercedes-Benz,1989,75715
Mercedes-Benz,1990,78375
Mercedes-Benz,1991,58866
Mercedes-Benz,1992,63312
Mercedes-Benz,1993,61899
Mercedes-Benz,1994,73002
Mercedes-Benz,1995,76752
Mercedes-Benz,1996,90844
Mercedes-Benz,1997,122408
Mercedes-Benz,1998,170915
Mercedes-Benz,1999,190382
Mercedes-Benz,2000,206190
Mercedes-Benz,2001,206718
Mercedes-Benz,2002,215632
Mercedes-Benz,2003,218551
Mercedes-Benz,2004,221366
Mercedes-Benz,2005,224269
Mercedes-Benz,2006,247934
Mercedes-Benz,2007,253277
Mercedes-Benz,2008,225009
Mercedes-Benz,2009,190538
Mercedes-Benz,2010,224944
Mercedes-Benz,2011,261769
Mercedes-Benz,2012,294993
Mercedes-Benz,2013,334324
Mercedes-Benz,2014,356134
Mercedes-Benz,2015,372977
Mercedes-Benz,2016,374540
Mercedes-Benz,2017,372240
Mercedes-Benz,2018,354144
Mercedes-Benz,2019,357729
Mercury,1995,436367
Mercury,1996,478639
Mercury,1997,468904
Mercury,1998,410186
Mercury,1999,438000
Mercury,2000,359143
Mercury,2001,311787
Mercury,2002,263200
Mercury,2003,202257
Mercury,2004,193534
Mercury,2005,195949
Mercury,2006,180848
Mercury,2007,168422
Mercury,2008,120248
Mercury,2009,92299
Mercury,2010,93195
Mercury,2011,248
MG,1972,30963
MG,1973,31703
MG,1974,25015
MG,1975,27946
MG,1976,28436
MG,1977,34794
MG,1978,26656
MG,1979,26025
MG,1980,14872
MG,1981,3712
MG,1982,252
Mini,2002,24590
Mini,2003,36010
Mini,2004,36032
Mini,2005,40820
Mini,2006,39171
Mini,2007,42045
Mini,2008,54077
Mini,2009,45225
Mini,2010,45644
Mini,2011,57511
Mini,2012,66123
Mini,2013,66502
Mini,2014,56112
Mini,2015,58514
Mini,2016,52030
Mini,2017,47102
Mini,2018,43684
Mini,2019,36092
Mitsubishi,1982,5260
Mitsubishi,1983,41994
Mitsubishi,1984,56741
Mitsubishi,1985,76453
Mitsubishi,1986,84418
Mitsubishi,1987,119816
Mitsubishi,1988,113492
Mitsubishi,1989,150476
Mitsubishi,1990,191017
Mitsubishi,1991,190801
Mitsubishi,1992,155580
Mitsubishi,1993,168202
Mitsubishi,1994,201004
Mitsubishi,1995,198059
Mitsubishi,1996,187126
Mitsubishi,1997,190978
Mitsubishi,1998,192785
Mitsubishi,1999,263464
Mitsubishi,2000,316496
Mitsubishi,2001,323706
Mitsubishi,2002,345915
Mitsubishi,2003,256810
Mitsubishi,2004,161609
Mitsubishi,2005,123995
Mitsubishi,2006,118558
Mitsubishi,2007,128993
Mitsubishi,2008,97257
Mitsubishi,2009,53986
Mitsubishi,2010,55683
Mitsubishi,2011,79020
Mitsubishi,2012,57790
Mitsubishi,2013,62227
Mitsubishi,2014,77643
Mitsubishi,2015,95342
Mitsubishi,2016,96267
Mitsubishi,2017,103686
Mitsubishi,2018,118074
Mitsubishi,2019,121046
Nissan,2003,74301
Nissan,2004,72634
Nissan,2005,165788
Nissan,2006,243106
Nissan,2007,286025
Nissan,2008,327359
Nissan,2009,508814
Nissan,2010,681360
Nissan,2011,832101
Nissan,2012,751509
Nissan,2013,842847
Nissan,2014,859490
Nissan,2015,891361
Nissan,2016,1015605
Nissan,2017,1118085
Nissan,2018,1177705
Nissan,2019,1174030
Oldsmobile,1996,331287
Oldsmobile,1997,304759
Oldsmobile,1998,329742
Oldsmobile,1999,352163
Oldsmobile,2000,289172
Oldsmobile,2001,233745
Oldsmobile,2002,155112
Oldsmobile,2003,125897
Oldsmobile,2004,28851
Oldsmobile,2005,1866
Oldsmobile,2006,96
Peugeot,1958,6867
Peugeot,1959,15787
Peugeot,1960,11373
Peugeot,1961,3229
Peugeot,1962,4720
Peugeot,1963,2446
Peugeot,1964,2692
Peugeot,1965,2541
Peugeot,1966,3199
Peugeot,1967,3953
Peugeot,1968,4595
Peugeot,1969,4621
Peugeot,1970,5105
Peugeot,1971,6169
Peugeot,1972,5428
Peugeot,1973,4372
Peugeot,1974,8079
Peugeot,1975,12212
Peugeot,1976,9304
Peugeot,1977,10401
Peugeot,1978,9254
Peugeot,1979,11322
Peugeot,1980,12296
Peugeot,1981,15741
Peugeot,1982,14323
Peugeot,1983,15241
Peugeot,1984,20007
Peugeot,1985,15636
Peugeot,1986,14336
Peugeot,1987,9422
Peugeot,1988,6713
Peugeot,1989,6095
Peugeot,1990,4261
Peugeot,1991,3555
Peugeot,1992,335
Peugeot,1993,3
Plymouth,1980,335465
Plymouth,1981,389330
Plymouth,1982,306540
Plymouth,1983,317598
Plymouth,1984,412321
Plymouth,1985,486973
Plymouth,1986,537151
Plymouth,1987,481674
Plymouth,1988,529020
Plymouth,1989,491103
Plymouth,1990,322120
Plymouth,1991,365566
Plymouth,1992,383192
Plymouth,1993,411949
Plymouth,1994,409147
Plymouth,1995,307961
Plymouth,1996,261351
Plymouth,1997,315473
Plymouth,1998,296641
Plymouth,1999,264624
Plymouth,2000,87246
Plymouth,2001,31574
Pontiac,1996,551107
Pontiac,1997,608623
Pontiac,1998,536469
Pontiac,1999,616413
Pontiac,2000,613548
Pontiac,2001,533402
Pontiac,2002,516832
Pontiac,2003,475615
Pontiac,2004,474179
Pontiac,2005,437806
Pontiac,2006,410229
Pontiac,2007,358022
Pontiac,2008,267348
Pontiac,2009,178300
Pontiac,2010,1182
Porsche,1997,17303
Porsche,1998,18437
Porsche,1999,20017
Porsche,2000,22205
Porsche,2001,23789
Porsche,2002,25186
Porsche,2003,33776
Porsche,2004,39613
Porsche,2005,44977
Porsche,2006,44623
Porsche,2007,45707
Porsche,2008,36063
Porsche,2009,33407
Porsche,2010,37504
Porsche,2011,42228
Porsche,2012,45549
Porsche,2013,44423
Porsche,2014,54004
Porsche,2015,68270
Porsche,2016,69119
Porsche,2017,72834
Porsche,2018,68352
Porsche,2019,77529
Range,1995,4428
Range,1996,6800
Range,1997,6621
Range,1998,7070
Range,1999,7449
Range,2000,6287
Range,2001,5771
Range,2002,8549
Range,2003,12086
Range,2004,13546
Range,2005,13430
Range,2006,12044
Range,2007,12316
Range,2008,8952
Range,2009,7312
Range,2010,8746
Range,2011,9761
Range,2012,7843
Range,2013,12221
Range,2014,12830
Range,2015,17821
Range,2016,16155
Range,2017,16869
Range,2018,19030
Range,2019,18831
RAM,2003,583297
RAM,2004,549315
RAM,2005,524577
RAM,2006,462236
RAM,2007,425583
RAM,2008,286484
RAM,2009,195112
RAM,2010,212952
RAM,2011,257610
RAM,2012,300928
RAM,2013,367843
RAM,2014,469139
RAM,2015,493807
RAM,2016,542884
RAM,2017,556790
RAM,2018,597368
RAM,2019,703023
Rolls-Royce,2003,149
Rolls-Royce,2004,420
Rolls-Royce,2005,382
Rolls-Royce,2006,336
Rolls-Royce,2007,425
Rolls-Royce,2008,447
Rolls-Royce,2009,326
Rolls-Royce,2010,512
Rolls-Royce,2011,362
Rolls-Royce,2012,382
Rolls-Royce,2013,962
Rolls-Royce,2014,1111
Rolls-Royce,2015,1140
Rolls-Royce,2016,1015
Rolls-Royce,2017,1373
Rolls-Royce,2018,326
Saab,1966,6947
Saab,1967,10529
Saab,1968,10871
Saab,1969,10898
Saab,1970,11123
Saab,1971,12653
Saab,1972,14410
Saab,1973,17488
Saab,1974,13590
Saab,1975,13731
Saab,1976,9866
Saab,1977,13120
Saab,1978,15662
Saab,1979,15142
Saab,1980,14008
Saab,1981,14613
Saab,1982,18463
Saab,1983,26323
Saab,1984,33631
Saab,1985,39068
Saab,1986,48426
Saab,1987,45106
Saab,1988,39829
Saab,1989,34901
Saab,1990,26393
Saab,1991,26014
Saab,1992,26471
Saab,1993,18783
Saab,1994,21679
Saab,1995,25595
Saab,1996,28439
Saab,1997,28447
Saab,1998,30756
Saab,1999,39541
Saab,2000,39479
Saab,2001,37556
Saab,2002,37805
Saab,2003,47914
Saab,2004,38159
Saab,2005,36071
Saab,2006,30560
Saab,2007,32711
Saab,2008,21368
Saab,2009,8680
Saab,2010,5445
Saab,2011,5610
Saturn,1990,1881
Saturn,1991,74493
Saturn,1992,196126
Saturn,1993,229356
Saturn,1994,286003
Saturn,1995,285674
Saturn,1996,278574
Saturn,1997,251099
Saturn,1998,231786
Saturn,1999,232570
Saturn,2000,271800
Saturn,2001,260730
Saturn,2002,280248
Saturn,2003,272157
Saturn,2004,212017
Saturn,2005,213657
Saturn,2006,226375
Saturn,2007,240091
Saturn,2008,188004
Saturn,2009,72660
Saturn,2010,6698
Scion,2003,10898
Scion,2004,99259
Scion,2005,156485
Scion,2006,173034
Scion,2007,130181
Scion,2008,113904
Scion,2009,57961
Scion,2010,45678
Scion,2011,49271
Scion,2012,73501
Scion,2013,68321
Scion,2014,58009
Scion,2015,56167
Scion,2016,12027
Scion,2017,51158
Scion,2018,4
Smart,2008,24622
Smart,2009,14595
Smart,2010,5927
Smart,2011,5208
Smart,2012,10009
Smart,2013,9264
Smart,2014,10453
Smart,2015,7484
Smart,2016,6211
Smart,2017,3071
Smart,2018,1276
Smart,2019,680
Sterling,1987,14
Sterling,1988,9
Sterling,1989,6
Sterling,1990,4
Sterling,1991,3
Subaru,1968,332
Subaru,1969,2407
Subaru,1970,5590
Subaru,1971,14162
Subaru,1972,24056
Subaru,1973,37793
Subaru,1974,22980
Subaru,1975,41587
Subaru,1976,48928
Subaru,1977,80826
Subaru,1978,103274
Subaru,1979,127871
Subaru,1980,142968
Subaru,1981,152062
Subaru,1982,150335
Subaru,1983,156840
Subaru,1984,157385
Subaru,1985,178175
Subaru,1986,183242
Subaru,1987,177757
Subaru,1988,155956
Subaru,1989,136112
Subaru,1990,108950
Subaru,1991,105416
Subaru,1992,104940
Subaru,1993,104178
Subaru,1994,99381
Subaru,1995,99768
Subaru,1996,120748
Subaru,1997,133783
Subaru,1998,147833
Subaru,1999,156806
Subaru,2000,172218
Subaru,2001,185944
Subaru,2002,180016
Subaru,2003,186819
Subaru,2004,187402
Subaru,2005,196002
Subaru,2006,200703
Subaru,2007,187208
Subaru,2008,187699
Subaru,2009,216652
Subaru,2010,263820
Subaru,2011,266989
Subaru,2012,336441
Subaru,2013,424683
Subaru,2014,513693
Subaru,2015,582675
Subaru,2016,615132
Subaru,2017,647956
Subaru,2018,680135
Subaru,2019,700117
Suzuki,1985,3145
Suzuki,1986,47337
Suzuki,1987,82042
Suzuki,1988,58429
Suzuki,1989,29691
Suzuki,1990,19809
Suzuki,1991,21334
Suzuki,1992,24923
Suzuki,1993,25558
Suzuki,1994,33905
Suzuki,1995,33256
Suzuki,1996,36710
Suzuki,1997,29273
Suzuki,1998,37608
Suzuki,1999,49888
Suzuki,2000,60845
Suzuki,2001,64698
Suzuki,2002,67855
Suzuki,2003,58438
Suzuki,2004,73946
Suzuki,2005,82101
Suzuki,2006,100990
Suzuki,2007,101884
Suzuki,2008,84865
Suzuki,2009,38689
Suzuki,2010,23994
Suzuki,2011,26618
Suzuki,2012,25357
Suzuki,2013,5432
Tesla,2014,16689
Tesla,2015,25416
Tesla,2016,47644
Tesla,2017,50145
Tesla,2018,191627
Tesla,2019,192250
Toyota,1980,713852
Toyota,1981,711993
Toyota,1982,674554
Toyota,1983,726818
Toyota,1984,822164
Toyota,1985,939794
Toyota,1986,1010229
Toyota,1987,923889
Toyota,1988,935960
Toyota,1989,929051
Toyota,1990,992760
Toyota,1991,939274
Toyota,1992,889331
Toyota,1993,892010
Toyota,1994,1088082
Toyota,1995,1001407
Toyota,1996,1078189
Toyota,1997,1132527
Toyota,1998,1204765
Toyota,1999,1289551
Toyota,2000,1413169
Toyota,2001,1517271
Toyota,2002,1522018
Toyota,2003,1595660
Toyota,2004,1672862
Toyota,2005,1800915
Toyota,2006,2047057
Toyota,2007,2161467
Toyota,2008,1843669
Toyota,2009,1496211
Toyota,2010,1488588
Toyota,2011,1396837
Toyota,2012,1764802
Toyota,2013,1893874
Toyota,2014,2004373
Toyota,2015,2098545
Toyota,2016,2106332
Toyota,2017,2129177
Toyota,2018,2128201
Toyota,2019,2085186
Triumph,1958,16245
Triumph,1959,22922
Triumph,1960,17720
Triumph,1961,11683
Triumph,1962,15967
Triumph,1963,20117
Triumph,1964,21214
Triumph,1965,20347
Triumph,1966,17184
Triumph,1967,15806
Triumph,1968,18600
Triumph,1969,17112
Triumph,1970,14561
Triumph,1971,20563
Triumph,1972,22827
Triumph,1973,21439
Triumph,1974,18396
Triumph,1975,22803
Triumph,1976,28238
Triumph,1977,29258
Triumph,1978,16447
Triumph,1979,12733
Triumph,1980,14939
Triumph,1981,9768
Triumph,1982,0
Volkswagen,1963,277791
Volkswagen,1964,344632
Volkswagen,1965,327639
Volkswagen,1966,378572
Volkswagen,1967,412079
Volkswagen,1968,568607
Volkswagen,1969,533341
Volkswagen,1970,574823
Volkswagen,1971,544106
Volkswagen,1972,515660
Volkswagen,1973,523171
Volkswagen,1974,386624
Volkswagen,1975,318627
Volkswagen,1976,235251
Volkswagen,1977,297160
Volkswagen,1978,280699
Volkswagen,1979,335426
Volkswagen,1980,337587
Volkswagen,1981,329806
Volkswagen,1982,218144
Volkswagen,1983,215452
Volkswagen,1984,249110
Volkswagen,1985,292189
Volkswagen,1986,277491
Volkswagen,1987,232452
Volkswagen,1988,192657
Volkswagen,1989,152906
Volkswagen,1990,155643
Volkswagen,1991,109181
Volkswagen,1992,90510
Volkswagen,1993,62475
Volkswagen,1994,109488
Volkswagen,1995,133024
Volkswagen,1996,163286
Volkswagen,1997,137885
Volkswagen,1998,219679
Volkswagen,1999,315563
Volkswagen,2000,355479
Volkswagen,2001,356405
Volkswagen,2002,338125
Volkswagen,2003,302686
Volkswagen,2004,256111
Volkswagen,2005,224195
Volkswagen,2006,235140
Volkswagen,2007,230572
Volkswagen,2008,223128
Volkswagen,2009,213454
Volkswagen,2010,256830
Volkswagen,2011,324402
Volkswagen,2012,438134
Volkswagen,2013,407704
Volkswagen,2014,366970
Volkswagen,2015,349440
Volkswagen,2016,322948
Volkswagen,2017,339676
Volkswagen,2018,354064
Volkswagen,2019,363322
Volvo,1959,18467
Volvo,1960,13925
Volvo,1961,12788
Volvo,1962,13158
Volvo,1963,14187
Volvo,1964,17325
Volvo,1965,18116
Volvo,1966,25154
Volvo,1967,34397
Volvo,1968,38827
Volvo,1969,36145
Volvo,1970,44513
Volvo,1971,48222
Volvo,1972,57772
Volvo,1973,60761
Volvo,1974,53043
Volvo,1975,60338
Volvo,1976,43887
Volvo,1977,46790
Volvo,1978,50880
Volvo,1979,56602
Volvo,1980,54517
Volvo,1981,64477
Volvo,1982,70827
Volvo,1983,88857
Volvo,1984,99541
Volvo,1985,104267
Volvo,1986,113267
Volvo,1987,106539
Volvo,1988,98497
Volvo,1989,102620
Volvo,1990,89894
Volvo,1991,67767
Volvo,1992,67420
Volvo,1993,72250
Volvo,1994,81680
Volvo,1995,88505
Volvo,1996,88591
Volvo,1997,90895
Volvo,1998,101172
Volvo,1999,116692
Volvo,2000,123178
Volvo,2001,125710
Volvo,2002,110670
Volvo,2003,134586
Volvo,2004,139067
Volvo,2005,123587
Volvo,2006,115807
Volvo,2007,106213
Volvo,2008,73102
Volvo,2009,61435
Volvo,2010,53948
Volvo,2011,67240
Volvo,2012,68117
Volvo,2013,61233
Volvo,2014,56366
Volvo,2015,70047
Volvo,2016,82593
Volvo,2017,81507
Volvo,2018,98263
Volvo,2019,108234
Yugo,1985,3895
Yugo,1986,35910
Yugo,1987,48617
Yugo,1988,31583
Yugo,1989,10391
Yugo,1990,5659
Yugo,1991,2509
Yugo,1992,1311
